TRADEG,TDECDEG,MJD_OBS
77.06592100,-20.30063800,58460.07711193
10.93607900,-47.69147100,58379.28558665
38.95195400,-39.57602700,58453.24152380
3.85145800,-59.86516500,58449.07082942
6.88624600,-60.87983200,58450.10546014
47.15090800,-35.51852700,58430.26893124
333.27090000,-53.77872100,58429.08727536
37.93532900,-64.93780400,58455.14258451
79.16053300,-37.54666600,58461.05607657
39.88340800,-65.86738700,58487.08524444
22.73540800,-0.01113900,58451.10748959
6.74987900,4.04591700,58430.13689822
93.24733300,-40.55502700,58458.32234149
77.42245400,-60.88049800,58456.24933769
60.71120800,-38.56147100,58457.24939431
11.00491700,-45.66322100,58430.22164567
86.31162100,-29.43111000,58465.16588435
38.69550000,4.04663900,58451.17980171
80.48050400,-20.30052700,58460.07990022
359.36620400,-62.90863700,58377.28906421
334.68070400,-43.63402600,58429.06320237
97.74820400,-60.84572000,58461.17558823
7.31837900,-35.51822100,58450.15897756
24.57862500,-11.17069400,58452.09367638
81.53945800,-42.61786000,58458.33158111
27.33150000,-31.42616600,58371.39069419
49.24275000,-63.92247000,58454.26411218
11.55274600,3.03197200,58448.07333959
27.69904600,-51.71480400,58376.31813914
37.07475000,-5.08372200,58455.06634120
313.10020400,-61.89413700,58401.09782379
33.90504200,3.03169400,58372.32961589
323.64015000,-1.02633300,58390.04206661
29.65204600,-21.31508300,58454.19793624
339.17911700,-41.60511000,58430.11618855
13.18779200,-24.35849900,58379.36907026
44.60083300,-66.86527600,58491.11947172
309.37399600,-40.58999900,58419.01188042
74.18037100,-59.86613700,58456.24657280
28.63450400,-57.83613700,58454.07995362
52.43878300,-28.41591600,58454.27052541
87.70920000,-33.45566600,58457.30799075
3.37437100,-35.51819300,58450.15212434
63.58132500,-51.64786000,58480.08558476
22.69565800,-46.67777600,58430.22909281
18.85528300,-31.45983200,58454.05861847
42.71599600,-51.74977600,58453.25682675
61.97557500,-17.25744400,58410.35311172
27.91558300,-22.29569400,58379.36309268
55.36575000,-20.30236100,58429.29898926
7.45225400,-33.48883200,58449.12105765
9.95582900,2.01819400,58378.31251623
313.40615800,-63.92324800,58401.08855197
358.09252500,-50.73519300,58374.34440485
40.40395400,-48.70624900,58453.24857680
77.11858300,-34.50405500,58457.33495447
341.20624600,-0.01075000,58378.23644492
356.59057500,-47.69169300,58450.04858941
41.83262900,-12.18638900,58429.26267371
342.80390800,-1.02602800,58373.21629016
17.95249600,-3.05461100,58449.10508368
70.71583300,-41.60305400,58458.31760050
34.87699600,-20.30038800,58454.19236804
313.60740000,-40.58997100,58431.04843265
72.16115800,-50.73591500,58456.23767845
80.91112500,-32.47461000,58459.08615742
91.74795000,-39.57549900,58465.14710248
19.83475400,-16.24297200,58437.21162866
66.52487900,-24.35869400,58455.29995596
51.67920000,-58.85108200,58453.26803909
22.41853300,-29.43097100,58452.19959596
57.92495800,-58.85060900,58455.28128757
31.70341700,-53.77841500,58455.10858256
29.91724600,-50.70147100,58374.34939214
77.10832500,-32.47347100,58458.08708096
20.83612500,-65.46183100,58483.07430212
11.47729600,-19.28599900,58451.07501061
65.91004600,-66.05333100,58488.13557279
319.96815000,-61.89405400,58401.07639839
63.00703300,-24.35838800,58455.29721867
14.74884200,1.00372200,58378.32486588
59.56392100,-65.91827600,58483.18248274
50.28065800,-21.31513800,58437.30552181
28.04495800,-65.93533100,58491.09781864
77.37775400,-58.84924800,58458.30666654
354.91432500,-44.64869300,58430.18993272
32.51220000,-27.40216600,58452.22020818
48.44653300,-16.24444400,58429.31589225
13.58282900,-62.90877600,58450.09808565
28.92525000,1.49377800,58370.27768064
9.94884200,-4.06913900,58449.08693875
41.89858300,-2.04000000,58401.34290289
349.19507900,-1.02527800,58378.25997662
94.06490800,-41.60491500,58460.31760129
28.71004600,-28.38266600,58371.38234670
13.15171700,-2.03975000,58378.33317906
80.66207900,-26.38741600,58459.28852280
32.10450000,-10.15544400,58380.38997021
307.11757500,-45.66261000,58418.02375741
31.02237100,-55.80730400,58455.05075351
62.95957500,-37.54677700,58455.26260455
30.71732900,-1.02572200,58451.18553491
22.96392100,-53.74419300,58371.30437292
16.64550000,-22.32961000,58379.37460657
318.84495000,-0.01152800,58373.19917079
33.91153300,-1.02558300,58401.32230351
50.20712900,-19.28616600,58437.30140480
35.94720000,-29.43066600,58377.36246652
318.12799600,-42.61916500,58431.05126229
28.93120400,-0.53516700,58370.26769745
89.13707900,-56.82141500,58462.16427997
37.85487100,-28.41502700,58439.27281153
25.97967100,-58.85085900,58453.11456355
8.05959200,-52.76377600,58451.03785866
9.55600400,-28.41644400,58451.11916521
26.61637500,-38.52688800,58380.33386036
69.45687100,-51.74869300,58454.32119576
3.11971700,-37.54608200,58376.35164666
300.92862100,-55.80805400,58390.08733360
324.94835800,-43.63397100,58430.11165851
51.71116700,-14.21550000,58429.32413405
55.98607500,-52.76336000,58440.30190306
48.58692100,-65.85060900,58487.06262277
36.40495400,-23.34358300,58380.35775727
70.04524600,-47.69097100,58454.32815645
73.37875400,-30.44605500,58457.29964628
89.27611700,-52.72958200,58431.33621952
41.87158300,-63.92330400,58455.14537995
6.57049600,-0.53536100,58370.21943086
27.80090800,-62.90874800,58453.12143996
18.33695800,-21.31499900,58379.37597554
34.57950000,-24.35813800,58380.35502237
30.02929600,-17.25713800,58454.20355519
45.58795400,-64.93758100,58455.19399205
309.64099600,-60.87994300,58390.00191228
24.50132900,-9.14172200,58452.10065687
35.51329600,-0.01252800,58429.23178456
66.11754200,-54.79247100,58454.31279638
20.21896700,-45.66288800,58452.15538328
24.39991700,-37.51341600,58374.35385556
75.32925000,-23.34344400,58459.31335149
358.77178300,-1.02597200,58375.29374354
6.82612500,-41.60522100,58450.16047414
63.62520000,-44.64847100,58456.08599578
50.08607900,-15.22997200,58429.31863275
26.37595400,-31.46008200,58455.07259939
326.35715800,-57.83608200,58431.06437871
33.67940800,-65.95224800,58491.10064520
40.29754600,-3.05458300,58451.20478141
39.11595000,-37.54627700,58431.24476083
309.39240000,-42.61916500,58377.20739681
15.34254200,-39.57588800,58453.13471125
29.85192100,-19.28655500,58438.24241469
45.70129600,-65.32660900,58480.17637090
43.38487500,-23.34391600,58454.17671888
72.92458300,-40.59091500,58457.32247601
71.83940800,-23.34291600,58458.06598535
58.77982500,-20.29949900,58439.30142860
341.35423300,-44.64808200,58377.21931468
23.41978300,-20.30088800,58375.38318777
334.88102900,-41.60444300,58428.13307680
51.45691700,-39.57530400,58454.27808887
39.76570400,-54.79288700,58455.10567064
30.83400000,-26.38761000,58452.22848473
44.06953300,-65.93502600,58487.11708760
27.95083300,-13.19944400,58437.23091423
324.64657500,-47.69116500,58431.09046036
25.83625400,-27.40197100,58454.11559579
62.11933300,-41.60541500,58456.09688309
343.77178300,-47.69088700,58376.28276157
87.30991700,-20.30041600,58462.15450944
326.39337100,-64.93733100,58431.05868888
77.12941700,-36.53302700,58457.33908441
80.43279200,-18.27061100,58458.24847917
332.31190400,-44.64838800,58429.06182147
78.93625400,-29.43155500,58457.29679620
16.64217100,-65.85047000,58487.07293387
38.04895400,-65.32658100,58481.07953452
30.60775400,-7.11280500,58452.11322748
13.15054600,-0.01108300,58401.26457875
77.09950400,-30.44433200,58458.20637289
66.72841700,-39.57558200,58461.04895969
68.47307900,-21.31594400,58456.20738983
73.48770000,-30.05680500,58491.17330030
72.80217100,-42.61849900,58459.32287767
68.05966700,-27.40061000,58439.28716193
37.72187900,-30.44561000,58452.23407435
87.77250000,-46.64255400,58440.32857159
13.33715800,-48.70580400,58451.05316504
30.64603300,-48.70613700,58455.09153672
56.71962100,-15.22977700,58429.27945882
331.63552500,-48.70558200,58428.13015335
75.11015800,-37.54666600,58461.05189594
52.12395000,-66.88216500,58491.11325777
14.74790800,1.00341700,58401.26871065
53.60025000,-19.28774900,58429.29761141
342.80428300,1.00325000,58374.19641199
35.20537500,-14.21377700,58454.13640930
93.57354200,-43.63316500,58466.18846635
87.81832500,-26.38758300,58461.10068944
84.45703300,-39.54119300,58440.33324377
75.25387500,-29.43149900,58457.29820210
5.87612900,-49.71969300,58376.33961296
45.22612500,-42.61941500,58428.32364916
38.50579600,-14.21466600,58411.33233911
317.83890000,-40.59002700,58431.04986012
90.57900000,-33.48827700,58466.18535146
9.61591700,-26.38761000,58451.11643527
339.60860800,-1.02522200,58378.23231169
320.77845000,-63.92313700,58418.02701534
1.37262100,-47.69169300,58428.21826373
327.30260800,-46.67669300,58431.09472720
96.36145400,-55.77363700,58460.32711749
70.89658300,-39.57636000,58457.31967522
352.72149200,-63.92327600,58449.04974874
306.54399200,-57.83713700,58390.07360265
30.51412500,2.50819400,58370.27908560
49.30450400,-38.56211000,58430.32185081
59.74708300,-62.90827600,58454.25167055
48.35207900,-10.15611100,58437.28328508
307.04777900,-47.69177600,58418.02239658
24.01865800,-41.60527700,58453.20127261
20.82508300,-32.47430500,58454.06137601
70.51516700,-43.63219300,58458.31621855
67.49412100,-33.48802700,58458.05192757
61.98225000,-50.73461000,58454.30300337
318.44902500,-44.64802600,58430.09514339
59.73182900,-55.80716500,58455.23875286
11.36479600,-29.43069400,58378.37048430
24.04070800,-52.76358200,58454.05246719
80.19325400,-55.80708200,58459.26505317
31.46195800,-20.30102700,58438.24652273
26.85984200,-44.64836000,58428.28096244
344.35774600,-55.80644300,58376.30308895
336.32599600,-50.73505400,58375.20160645
9.76150400,-20.30061100,58451.11079033
34.41225000,-26.38747100,58452.22296431
80.91162100,-32.47349900,58458.08981350
5.13062900,-5.08336100,58431.14287282
41.08950000,-38.56216600,58430.32690428
18.62179600,-27.40213800,58452.19139156
93.80557500,-50.69958200,58439.33648516
53.99020400,-55.80749800,58453.28057820
341.32069600,-40.58961000,58376.22094314
74.56228300,-53.77810900,58455.22208464
82.40112100,-25.37302700,58460.27606103
52.15715800,-45.66197100,58454.29057907
309.69223300,-62.90944300,58390.06791955
85.62979600,-40.59019300,58465.12915077
344.55565400,-57.83549800,58376.31152537
21.91021700,-23.34391600,58377.36827073
356.89294600,-43.63377600,58450.09155818
27.74053300,-9.14172200,58452.09788334
50.03683300,-13.20072200,58429.25406981
52.76608300,-49.72002600,58454.23981508
79.90957500,-23.32727700,58492.18630495
28.86337500,-10.15619400,58452.10345325
24.45133300,-22.29630500,58371.24566397
73.30537500,-32.47344300,58458.08433471
24.60609200,-54.79266500,58454.04143254
65.54299600,-56.82127600,58454.31696744
326.28490400,-41.60455400,58431.07764784
318.84390000,-0.01191700,58390.01177733
19.51050000,-39.57633200,58430.25347027
359.24640000,-46.67719300,58450.05899275
36.98158300,-38.56155400,58453.23601962
82.22592100,-21.31533300,58460.21389336
45.26128300,-46.67736000,58428.24960353
33.48987100,-34.50372100,58453.23186015
4.36816700,-57.83647000,58450.10401881
358.70165800,-48.70605400,58428.21550311
339.06028300,-45.66288800,58429.06602245
93.85265800,-43.59822100,58458.31145497
27.42182900,-37.54677700,58455.03739371
80.61867100,-59.86488700,58459.26077315
337.98169600,-63.92241500,58376.27325477
28.57317100,-46.64327600,58371.35118934
341.47032100,-54.79197100,58376.30170188
96.97183300,-53.74397100,58431.34056229
23.09559200,-48.70597100,58377.32424874
5.16257900,-1.02591700,58375.30907467
73.13362500,-36.53236000,58461.06165511
28.31712100,-41.60505400,58453.21101660
324.42707900,-41.60516500,58430.10890550
13.23616700,-34.50341600,58452.04705745
39.96675000,-21.31499900,58454.17259475
60.22962100,-40.59091500,58456.09549114
49.59454600,-42.61941500,58428.32913261
345.04590000,-61.89441500,58449.04533970
65.69925000,-32.47505500,58456.19778203
90.37978300,-47.65705400,58440.33158838
315.84436700,-58.85055400,58431.03555675
325.05820400,-64.93735900,58431.05732634
26.24191700,-36.49894300,58374.35673907
79.40045800,-43.63336000,58461.13003101
23.57083300,-22.32955500,58454.08680706
49.87670800,-66.05322000,58489.12585041
355.58599600,-1.02597200,58375.29789074
25.95712500,4.04616700,58372.36349275
335.60574200,-56.82158200,58428.06924678
354.44194600,-42.61886000,58431.19065579
350.78998300,-0.01077800,58378.26410177
57.90470800,-40.59066500,58456.05817946
43.40425400,-21.31549900,58438.28919916
45.18482900,-36.53305400,58430.26618671
6.75687100,-2.04050000,58448.07905636
42.06740800,-61.89391500,58455.21166174
85.35487500,-38.56122100,58464.13271548
21.78182900,-21.31530500,58452.18298240
353.85778300,-49.72049900,58377.30851433
338.72810800,-53.77797100,58379.27299020
18.40059200,-38.52761000,58370.37223999
21.59420800,-30.41188800,58370.37524310
66.15420000,-28.41499900,58439.28441192
24.09433300,-35.48347100,58376.38674247
353.33585800,-47.69172100,58449.12424650
64.88587500,-58.85049800,58455.24288281
85.47600000,-53.77808200,58459.23031556
92.46249200,-46.64188700,58458.29158662
329.70732100,-56.82163700,58431.08203172
332.87503300,-55.80769300,58429.13440130
28.44009200,-19.28611100,58454.09236098
37.56532500,-32.47466600,58452.23545625
41.43482900,-30.44480500,58431.29370222
60.19849600,-17.25766600,58456.05344676
74.95790800,-43.63302600,58459.30243165
82.61800400,-29.43086000,58461.08545121
53.67495000,-40.58963800,58454.27946570
13.18362100,-65.46180400,58483.07859943
21.29533300,-64.93755400,58453.04369713
51.78045000,-16.24447200,58429.32138217
28.25416700,-17.25761100,58409.31117448
60.75195000,-34.50369300,58457.24650818
31.19212500,-46.67733200,58428.29466585
88.71679600,-50.70052600,58431.33897984
91.92886700,-35.48422100,58460.31331963
39.89687900,-23.34369400,58377.38575659
57.52000400,-38.56116600,58455.25983531
19.55500400,4.04616700,58372.32509664
70.77645000,-60.87969300,58455.31128453
92.72749600,-43.63338800,58480.07325894
336.11465800,-52.76383200,58375.28685138
68.03983300,-41.80672100,58492.14883414
56.21095400,-28.51802700,58490.13585158
42.50632500,-55.80710900,58455.22993412
82.74508300,-31.45949900,58462.12558759
34.00120400,-30.44544400,58452.23267550
355.58240800,1.00377800,58378.27244048
31.99729600,-31.45955500,58454.22385088
313.75920000,-42.61861000,58376.22999509
341.63799200,-62.90802600,58376.27466830
10.43458300,-57.83658200,58450.12227261
92.79274600,-39.54247100,58457.31768322
30.31425000,-23.31022200,58379.35658075
36.70340800,-66.15505400,58491.10860473
36.10903300,-65.93505400,58487.12137756
357.47182500,-44.15774900,58370.20673952
53.96383300,-42.61858200,58454.28086102
31.37503300,-35.51858200,58430.28129921
39.49554200,-56.82191500,58456.04962590
26.38570400,-51.74936000,58454.05529339
0.34757900,4.04597200,58430.14110206
40.97899600,-40.59080400,58430.24726824
40.28404600,-5.08402800,58453.17213234
38.70117100,-2.04005500,58401.33464832
88.03940800,-28.41669400,58465.17001822
351.91449200,-61.89427600,58449.06773478
8.62607900,-46.67772100,58430.21886529
22.01862100,-42.61872100,58431.23887181
58.98853300,-53.77777600,58431.33217617
87.05712100,-59.86519300,58460.15050455
37.47604600,-65.46183100,58483.05796192
71.34157500,-33.48908200,58459.07515846
27.54320800,3.03169400,58372.36759199
8.35940800,1.00286100,58448.07057862
91.27561700,-46.67699900,58480.09875431
73.60774600,-22.32869400,58458.06887226
21.01884200,-34.50269300,58431.26228201
24.90182900,-17.25763800,58409.30206788
22.22762900,-27.40166600,58377.39466507
316.60723300,-47.69155400,58419.06967584
28.44909200,-37.51249900,58380.34218572
322.09007900,-58.85027600,58431.06294310
83.09491700,-46.64336000,58492.19383405
53.41249600,-38.56222100,58430.32519254
21.56067100,-65.03913700,58481.06548806
311.61886700,-43.63363800,58419.05722358
48.87567100,-30.44480500,58431.29790462
345.99957100,-1.02527800,58378.25581822
16.85475000,-28.41652700,58452.19411699
47.45587500,-43.63391500,58428.29914718
35.00087900,-18.27216600,58409.27418909
32.20395000,-64.90377600,58371.26062055
70.89649600,-39.57561000,58459.10661493
34.17082500,-54.79216500,58380.38432584
60.52591700,-29.43108200,58457.24502375
33.75487500,-32.47408200,58454.22109850
59.36712100,-37.54666600,58455.26119779
9.17254600,-0.99200000,58370.33640958
341.54340000,-58.85069300,58379.27446851
309.52603300,-54.79255400,58430.05064964
309.55877900,-56.82249800,58390.07771674
32.28107900,-4.06911100,58451.19243106
357.74002500,-43.63419300,58430.19542818
347.59540400,-0.01100000,58428.01430846
89.16979600,-47.69147100,58480.09738431
16.70587500,-24.35855500,58379.36765815
71.67087100,-27.40197100,58459.22334736
84.04033300,-35.48274900,58458.28282450
64.13154200,-60.88041500,58456.22897989
14.75803300,-5.08358300,58449.10070860
56.34154600,-43.63313800,58454.28505646
338.48957900,-57.83552600,58376.27749462
84.11217100,-24.35822100,58462.12988762
15.04666700,-29.43066600,58378.37878361
35.10995800,-16.24319400,58438.26444859
50.94004600,-33.48966600,58430.33395807
2.22632900,-54.79308200,58450.10120275
65.26212100,-47.69194300,58459.05022305
73.68895400,-18.27047200,58458.26945403
44.33165800,-49.70374900,58464.05205618
83.99758300,-22.32913800,58462.10556599
53.50490800,-65.03897000,58480.12093803
341.58707900,-60.87952600,58375.25716202
83.04087100,-35.51780400,58460.29875348
74.74825400,-49.72136000,58456.24489617
43.24457900,-33.48924900,58455.15271507
41.15704600,-66.47635900,58491.11489743
11.55304600,1.00338900,58401.25217892
341.33569600,-42.61991500,58430.14373190
37.04520000,-7.11219400,58454.21206761
50.70091700,-42.58536000,58493.14479247
40.30329200,-1.02594400,58453.07289434
38.09737500,-24.35836000,58454.18823413
17.64920800,-42.61949900,58453.18749318
37.16020400,-53.77849800,58455.10704042
336.51403300,-48.70611000,58374.20323472
343.29720000,-44.15777600,58370.20084862
29.20150400,-36.53249900,58453.22760890
326.75690800,-48.70583200,58431.07918620
71.97192100,-19.28641600,58464.05428955
50.80078300,-31.45936000,58431.27256975
43.36262900,-25.37277700,58454.18223928
1.95100400,-3.05469400,58448.08467449
29.98767100,-54.75819300,58376.29224480
56.99229200,-19.28497200,58439.30005206
22.24474600,-36.49866600,58375.38963964
45.11599600,-18.27197200,58409.33666783
13.15190800,4.04644400,58448.07471479
23.92858300,-26.38744400,58454.10444709
75.15199600,-35.51777700,58461.11098313
77.18800400,-44.64755400,58459.30380485
77.30592100,-54.79349800,58456.21279997
23.09390800,-35.51777700,58455.04708108
88.52929600,-32.47461000,58465.18237150
62.49208300,-65.03897000,58480.11528745
78.43183300,-34.70641600,58491.18906134
9.95012900,4.04683300,58401.24119484
7.68271700,-29.43066600,58378.36222473
1.79904200,-45.66322100,58430.21332148
30.18400400,-15.22825000,58454.14075611
94.86853300,-59.83110900,58462.17583873
14.96425400,-25.37308300,58451.13297177
314.56020000,-50.73469300,58431.04676431
45.39445400,-56.82216500,58453.26519027
13.15167100,2.01769400,58449.07975253
70.31870800,-18.27283300,58456.26181858
32.31887900,-0.01252800,58429.22758395
13.48790800,-58.85094300,58450.12786149
28.53545800,-47.69172100,58455.08879315
13.18237500,-22.32952700,58379.37181655
306.67040800,-55.80810900,58390.07909332
76.36141700,-39.55816500,58492.15903985
21.15295400,-3.05477800,58428.19604988
30.54812900,-65.03924800,58481.05984468
34.67728300,-52.76405400,58455.10996958
358.09320000,-50.73508200,58377.33471224
51.95067100,-20.30227700,58429.29349647
43.49800400,-1.02552800,58401.34707008
341.41565800,-50.73505400,58375.20580951
358.30327500,-57.83613700,58377.27121012
32.12112100,-42.61874900,58454.23246647
95.57079200,-44.64802600,58480.10018049
92.46695800,-54.79360900,58456.25532137
60.03604600,-15.22838800,58455.20521125
25.24729600,-56.82166500,58454.04832327
27.50679200,-26.38747100,58454.11409044
23.73995800,-24.35847100,58454.10168170
20.01309200,-20.30080500,58452.17740888
79.86295400,-21.29824900,58492.18492978
48.64962100,-24.35894400,58438.30158492
82.90112900,-54.79283200,58455.33082116
79.31191700,-41.60544300,58457.34065288
47.28815800,-39.57597100,58428.33467901
66.44833300,-63.92252600,58454.25818100
68.25829600,-57.83613700,58455.24428644
52.63745800,-62.90905400,58453.27359223
43.49829200,1.00347200,58401.35121055
8.35487900,3.03200000,58448.06918425
63.64992100,-53.77785900,58454.31417616
89.13762100,-56.82169300,58460.24592853
0.36253300,-2.04077800,58429.12287550
327.81436700,-53.77822100,58431.08064141
71.13154600,-58.85049800,58455.24570606
322.96999600,-44.64777600,58431.09330816
80.01928300,-53.77833200,58455.32807421
350.10019600,-55.80752600,58449.04378989
83.99770400,-22.32980500,58460.21663914
28.48862900,-65.46180400,58483.06500476
324.73999600,-50.73466500,58431.08770912
19.73371700,-58.85088700,58453.11173580
352.38769600,1.00375000,58378.27527273
349.35202500,-64.93749800,58377.29481129
35.50425000,-2.04050000,58453.06871595
25.93734200,-0.01147200,58452.07347431
356.34002900,-40.59058200,58430.12758920
93.12545800,-55.77347100,58461.15717557
5.16478300,1.00369400,58378.30013533
80.59479200,-24.35844400,58459.28989878
85.66411700,-21.31530500,58460.21939250
23.28642100,-18.27202700,58409.29932728
304.37982100,-50.73494300,58401.11759144
336.83182500,-44.64763800,58376.20890304
37.82158300,-49.72080400,58453.25271465
63.31999600,-35.51877700,58430.31033036
21.07795400,-43.60008200,58371.21642183
334.04548300,-64.93730400,58428.06629651
94.05316700,-57.80230400,58462.17166884
83.95549600,-31.66297100,58491.14930695
38.57032500,-43.63388800,58428.31660498
25.93457900,2.01752800,58450.03854940
28.80679600,-34.50347100,58455.08103018
347.40257900,-56.82097100,58376.30583440
29.39712100,-32.44102700,58372.38235767
32.30582900,-51.74958200,58455.11416909
28.41925400,-53.74380400,58376.31402643
27.33887900,-1.54969400,58370.28329298
347.06712100,-54.79308200,58374.32627735
77.09128300,-28.41627700,58459.27570579
86.69049200,-40.55513800,58458.28705666
354.03474200,-58.85044300,58380.31655502
54.00304600,-25.37341600,58438.32360179
46.94762900,-27.40205500,58455.20060359
334.45774600,-45.66230400,58428.10196724
82.50370400,-27.40199900,58461.09654004
21.72829600,-40.59080400,58430.25622635
77.06062500,-18.27052700,58458.26803761
74.45137500,-55.80608200,58458.30116429
0.57112500,-40.59027700,58450.06451360
84.71428300,-32.47413800,58463.14495874
67.07207900,-50.73438700,58454.32393702
82.15249600,-19.28616600,58460.24049825
95.59362100,-53.77805400,58480.10333079
68.69254600,-40.59033200,58459.10010638
0.37359200,-0.01111100,58431.14736710
67.89004600,-29.43136000,58457.30473589
28.57682900,-54.79272100,58454.04418098
309.47044600,-50.73458200,58430.05344934
2.18229200,-43.63424900,58430.20780797
4.54350000,-42.61924900,58450.07275696
89.99367100,-29.43119400,58465.17550438
58.33082900,-42.61949900,58456.05958607
320.92449200,-45.66236000,58431.07479899
67.14400400,-61.89435900,58455.31402664
320.44457900,-1.02638900,58390.02002747
26.25208300,-12.18502700,58437.23919271
38.68954600,-4.06908300,58451.20340270
21.70879600,-47.65772100,58371.34296129
86.98261700,-35.51741600,58466.16976386
72.51762100,-46.67638700,58454.33226846
30.30675000,-45.62861000,58371.35529876
330.02115000,-1.02580600,58419.09349073
68.92678300,-38.56147100,58457.25355462
29.10909200,-2.04005500,58401.30995053
6.72379600,-6.09808300,58449.08554488
77.17099600,-42.61911000,58461.11788769
33.09707900,-62.87494300,58371.27041257
335.29715800,-58.85055400,58375.24246350
69.13774600,-36.53261000,58459.05890843
317.24686700,1.00258300,58390.00764618
87.46066700,-22.32936000,58462.13541167
41.77787900,-16.24286100,58437.28625852
20.34879200,-37.51294300,58371.37103841
55.48474600,-50.73516500,58455.19718441
327.79144600,-44.64797100,58428.11195187
8.35950000,1.00369400,58378.30840342
8.27224600,-50.73486000,58377.28125400
73.03462500,-38.56119300,58460.04921759
16.34582900,-0.01141700,58375.32852747
9.14412100,-38.56136000,58450.08373553
35.49433300,4.04663900,58451.17424361
357.00302900,-64.93724800,58380.31095308
61.14620800,-36.53313800,58430.30082604
25.80028300,-49.71969300,58376.33360985
23.06641700,-14.21397200,58453.05200451
30.43082900,-11.17055500,58437.24751187
19.14975000,-35.51777700,58453.04017084
72.66724600,-44.64744300,58459.29969165
26.83520800,-20.30055500,58454.09093098
46.75045400,-13.20091600,58429.30756138
8.35832900,-1.02613900,58448.07768093
52.00962100,-66.15466500,58489.13605152
58.75095000,-33.10008200,58490.13864078
85.47649600,-53.77902600,58456.25246781
45.43279600,-58.85049800,58455.22426553
22.06595800,-25.37313800,58452.18712953
347.06582900,-54.79202600,58376.26315201
28.65100400,-21.31499900,58454.19656254
33.32012900,-65.14066500,58481.07030667
75.01399600,-41.60483200,58493.16788721
9.34167100,-34.50344300,58452.04156020
87.42932900,-50.73427600,58463.15942274
41.86987500,-8.12725000,58455.12662061
318.67824200,-57.83624800,58375.23430589
36.81799600,-15.22863800,58438.26581760
20.49283300,-28.41649900,58451.14670672
43.16529200,-37.54749900,58430.26094136
13.15066700,2.01791700,58401.25080309
81.38762900,-40.59011000,58460.30292638
336.68161700,-46.67738700,58372.21123480
40.68932900,-65.14038700,58480.14207407
43.49754200,-3.05586100,58429.24423505
24.63362900,-24.32502700,58375.38650566
45.11229200,-16.24422200,58429.27091240
333.61990400,-51.74936000,58401.10844627
16.77267100,-45.62902600,58370.36897278
344.18428300,-53.77755400,58376.26040772
28.58908300,-29.43105500,58452.21058132
11.55196700,3.03236100,58401.24532197
37.16067100,-53.77769300,58380.38571057
85.30820800,-28.38272100,58455.30455716
70.14454600,-65.03897000,58480.11237369
358.77520400,1.00369400,58378.28358505
51.89803300,-43.63380400,58428.30797328
73.44570000,-28.41622100,58459.27016899
27.78695800,-55.80733200,58454.04555334
56.68670800,-32.08586000,58490.13726010
41.85300000,-10.15600000,58437.27365784
338.72799200,-53.77794300,58431.11489190
1.80958300,-32.47438800,58449.11281465
349.64098300,-53.77841500,58449.04241623
27.03429200,-22.32952700,58454.20067096
34.78375400,-39.57616500,58453.23876275
45.15525000,-30.44480500,58431.28806541
27.61291700,-65.91852600,58491.09508462
322.07002500,-40.59072100,58430.10753417
52.12242100,-60.88019300,58453.26940817
356.37157500,-41.60491500,58450.08818331
76.35016700,-41.58724900,58492.15765773
316.93020000,-49.72044300,58431.05280597
94.53583300,-48.70586000,58480.09325450
27.84665800,-39.57605400,58453.21377390
356.63194600,-54.79280400,58449.13001968
47.36754200,-41.60491500,58428.32638888
75.34924600,-21.31508300,58459.22634783
26.36779600,-14.21400000,58437.22674840
41.89933300,-2.04061100,58453.07426600
82.13857500,-36.49819300,58463.13495318
92.65687500,-38.56122100,58460.31622867
45.71970000,-65.32652600,58482.07072795
98.06025000,-54.79247100,58480.08192484
85.46970000,-21.83922200,58492.19044709
36.31050000,4.08025000,58370.35665492
341.44294600,-52.76399800,58377.23761024
16.12884200,-53.77758200,58376.26932985
61.15729600,-65.03899800,58480.11803355
31.06249600,-24.35849900,58454.12522097
72.92416700,-40.58944300,58459.32569820
26.82253300,-60.87894300,58380.39467824
71.46295400,-31.45891600,58458.08296885
21.23109200,-36.53227700,58455.06199535
32.27112100,-29.43105500,58452.22988511
56.93175000,-37.05647100,58493.14915697
63.08687900,-66.93299800,58491.12275644
348.55357500,-47.69088700,58376.28421121
22.98691700,-12.18519400,58452.09091943
30.65662500,-5.08386100,58453.06319749
40.85690800,-42.61980400,58430.24452646
82.88520000,-33.48838800,58462.08676329
30.57166700,-28.41652700,58452.21884196
13.21000400,-30.44516600,58378.37464290
87.26015800,-37.54624900,58466.17118579
16.93029200,-30.44513800,58378.38291372
86.22879200,-44.64761000,58462.15110363
85.13262100,-36.53227700,58465.12640575
32.87395400,-38.56155400,58453.22345400
77.42203300,-60.87922000,58459.29644998
25.21249600,-21.31508300,58454.08956006
56.61016700,-13.20108300,58429.32964842
13.20162100,-28.41647100,58451.12748829
32.31362900,2.01752800,58375.36595725
358.33932100,-64.93752600,58377.29181703
41.66325000,-22.32936000,58454.17534720
27.38533300,-46.67769300,58430.23736529
57.78103300,-27.40236000,58438.32909571
25.38616700,-52.73008200,58371.33188749
52.44495000,-47.69116500,58454.29333336
323.91115400,-62.90827600,58431.06006014
65.13737900,-20.92622200,58493.16980800
45.12625400,-22.32999900,58438.29194075
11.55204200,-3.05463900,58449.08835937
9.93867100,-6.09825000,58449.09246276
303.65998300,-56.82255400,58390.08319384
55.01341700,-14.21391600,58410.35760563
38.44404200,-16.24316600,58438.26993900
9.95095400,4.04641700,58448.06779781
48.53587500,-20.30077700,58437.29727366
23.85890800,-61.89438700,58453.10341682
53.24158300,-64.93697000,58454.26129640
28.49562100,-60.84555400,58371.29516966
66.68187100,-22.33055500,58456.20601723
13.90825400,-65.03916500,58481.06839994
28.94829200,-64.93744200,58454.07248966
35.50378300,-2.04011100,58401.32642477
24.66609200,-63.92333100,58453.10067548
55.62345000,-39.57555400,58455.26419384
52.29520400,-26.38797100,58438.32085850
83.62408300,-58.85066500,58460.14772379
3.35712100,3.52252800,58370.25748858
17.89029200,-65.56305400,58487.05870644
71.44075400,-56.82174800,58455.32107181
328.95110800,-49.72022100,58428.12738200
26.24041700,-36.49805400,58376.38400535
61.89832500,-18.89722200,58493.16150815
22.73875400,2.01761100,58375.36019092
56.55145400,-54.79222100,58431.32942484
29.17387500,-25.37297100,58454.11836415
33.24437900,-19.28652700,58438.25065996
80.81962500,-30.44538800,58461.08135501
13.15162500,2.01819400,58378.32073027
57.74620400,-49.72063700,58455.19854640
94.91187100,-55.80688700,58463.13966562
328.62652500,-40.59049900,58429.05129853
318.15544600,-55.80699800,58431.04387649
315.45832500,-56.82149800,58431.04526163
70.36357500,-62.90858100,58455.20950658
88.28270800,-43.63277600,58464.18087065
47.21641700,-37.54711000,58428.34306104
33.10912500,4.08030500,58370.35527115
77.25091700,-50.73586000,58456.24207004
78.89304200,-27.40227700,58460.18499844
25.94037100,-2.04002800,58401.30168541
83.80450400,-18.27122200,58462.09989428
71.06067100,-37.54541600,58458.32035345
55.87354600,-26.38827700,58430.34105080
77.07724600,-24.35872100,58460.20502965
359.75932500,-53.77827600,58449.12863374
85.90783300,-42.61883200,58462.14697557
10.76899600,-2.00647200,58370.34332067
71.20770000,-35.51808200,58459.06167326
79.03682900,-33.48902700,58459.08478562
92.46632900,-54.79249800,58459.24349890
94.69966700,-43.59827600,58458.31008329
73.22404600,-34.50408200,58457.33220588
63.13637900,-46.67738700,58456.06512758
46.76895000,-15.22975000,58429.27502102
307.17694600,-43.63333200,58401.05743587
40.30078300,3.03169400,58372.34320389
322.49644600,-42.61963800,58430.11027531
33.86578300,-5.08386100,58453.06595834
309.75211700,-64.93760900,58401.07213420
58.32137900,-31.45983200,58455.28608888
19.92234200,-18.27188800,58452.17466751
78.75954200,-19.28563800,58459.31895053
88.28874200,-37.51280400,58460.28610012
13.15275000,-4.06913900,58449.09521767
22.84378300,-33.48819300,58431.25671974
90.13095000,-36.49844300,58460.29572777
44.33390800,-49.70383200,58463.06430529
21.46737100,-38.56155400,58453.19441999
22.79925000,-6.09869400,58429.14511386
10.13012900,-61.89430400,58452.06467187
4.25615800,-44.64869300,58430.20641308
22.75617100,4.04619400,58372.35246054
309.59698300,-58.85152600,58390.07635060
84.38207900,-28.41638800,58461.08959358
25.57490800,-38.56116600,58455.04015471
325.46770400,-59.86516500,58430.08646296
68.14595800,-44.64827600,58459.09637248
37.00432500,-9.14108300,58454.20653052
84.10132500,-45.66241500,58460.22848094
27.79150400,-28.41652700,58452.21337292
65.34267100,-29.41430500,58491.15562126
83.84278300,-43.63313800,58462.14275658
28.03846700,-35.48336000,58380.34354883
29.14162500,-45.66283200,58428.29053214
67.26412500,-35.51849900,58456.20107808
38.64112500,-8.12677800,58454.21344901
338.99074600,-47.69188700,58372.21538598
32.47115800,-55.77294300,58371.31928057
339.60961700,1.00272200,58372.23950893
83.89483300,-20.30069400,58461.10779713
33.91483300,1.00308300,58375.37006970
67.00999600,-37.54713800,58457.25217929
52.77054200,-32.47377700,58431.27671412
90.92233300,-40.55583200,58459.30555248
323.49624200,-46.67666500,58431.09184587
357.40573300,-52.76411000,58449.06097479
326.39503300,-64.93774800,58418.03170719
86.58549200,-46.67633200,58463.18161396
20.82037500,-49.72036000,58454.07699977
77.19457500,-23.96955500,58492.18219165
56.61129200,-63.92344300,58453.27642247
329.42790000,-47.69136000,58428.13151494
35.52482900,-48.70624900,58453.24584511
60.54737900,-14.21252700,58439.31448950
29.09312900,4.04619400,58372.36895807
11.43984200,-23.34391600,58379.37044297
68.35000400,-23.34391600,58455.30272280
4.81945400,-55.80755400,58450.10983683
87.93032900,-52.76358200,58459.24899586
306.87945000,-51.74949800,58419.07686059
21.45737900,-15.22844400,58437.21712069
54.19854200,-66.57735900,58489.15392717
37.10292100,3.03172200,58372.33903508
8.77715800,-44.64833200,58450.16596765
24.91350000,-34.50269300,58431.25949302
330.02227500,-1.02602800,58373.23045365
25.91045800,-19.25227700,58371.28647198
343.89432100,-49.72055400,58375.20854769
22.49554600,-51.71555400,58371.32774591
336.41302500,-1.02522200,58378.22543866
25.28854600,-47.69191500,58452.16359547
38.70782900,-0.01252800,58429.23593275
312.83862100,-59.86505400,58431.03417136
52.89900000,-66.86480400,58489.15963814
84.96787500,-43.59911000,58440.32704725
27.33534200,0.47933300,58370.26492787
77.22703300,-48.70572100,58459.20174151
93.09607500,-48.67074900,58458.29509188
356.02835800,-48.70611000,58374.25427703
46.84249600,-21.31549900,58438.29471491
26.73499600,-56.78808200,58371.25510351
18.14803300,-15.22855500,58452.08399448
334.52895000,-62.90835900,58431.07297264
77.15557500,-40.58944300,58459.33119655
1.95887900,3.03141700,58430.13974046
352.39062100,-1.02525000,58378.27937996
92.51874200,-50.73486000,58480.09043618
45.30632900,-50.73461000,58454.23698861
17.94841700,3.03197200,58375.33277600
1.13667100,-53.74491500,58371.20805103
317.40390000,-64.93741500,58419.04562224
36.63712500,-19.28591600,58454.16845098
75.33628300,-27.79088800,58490.17157840
74.32483300,-57.83597000,58459.24026958
61.29675000,-52.76363700,58454.30995547
23.16874600,-16.24297200,58437.21986081
29.91478300,-50.70036000,58376.32664904
21.14754200,3.03172200,58372.35526211
300.47740400,-57.83697000,58390.04978905
69.79987500,-28.41552700,58458.05523786
17.30442100,-63.92310900,58452.06755892
35.06482500,-37.54711000,58453.23738196
70.03190800,-25.99877700,58491.16634761
358.67049200,-39.57588800,58450.05607795
330.58249600,-41.60499900,58429.05547471
28.62962900,-50.73472100,58380.32842845
91.31086700,-37.54636000,58466.18115749
59.91870000,-48.70536000,58454.30026080
40.08740800,-17.25741600,58410.34705153
34.21767100,-28.41666600,58452.22158821
45.24304600,-44.64838800,58428.29776761
89.87032500,-58.85066500,58460.24728854
64.81903300,-38.56152700,58457.25080696
58.63562900,-33.48883200,58455.28745456
32.01300000,-12.18502700,58437.25162951
0.24234200,-60.87941500,58377.26150713
11.43946700,-23.34386000,58451.09571658
77.27679200,-52.76486000,58456.23208360
83.49454600,-25.35613800,58491.14208565
5.43954200,-34.50372100,58450.15624505
1.25262100,-36.53272100,58450.14387955
325.46102900,-52.76355400,58431.08625661
342.80360800,1.00372200,58378.24753443
28.03837500,-35.48347100,58376.38264245
35.67691700,-65.91810900,58487.10647462
18.51137900,-25.37305500,58451.13844921
23.57087900,-31.42627700,58371.37402436
54.28487900,-44.64749900,58454.28641466
92.38532900,-60.84469300,58458.33358356
30.28254200,-64.93763700,58453.12982308
50.53666700,-56.72047100,58480.10907717
33.76474600,-9.14127800,58454.20791545
89.72308300,-27.40141600,58464.15637637
27.65357900,-7.11280500,58453.05769204
77.08429600,-26.38738800,58459.28547451
338.91427500,-49.72047100,58377.23479347
21.37617100,-45.62908200,58371.22463539
5.91028300,-28.41649900,58451.06381938
88.80117100,-34.50277700,58466.17256635
77.07662900,-24.35855500,58461.06612193
26.07557900,-8.12722200,58453.05493273
19.54078300,-0.01125000,58449.10361414
56.08303300,-28.41672100,58438.33464799
54.35645800,-29.43049900,58454.27331084
94.19674600,-45.62863800,58460.29403690
330.23773300,-43.63413800,58429.05686021
17.96709200,-5.08338900,58451.10454926
27.06079600,-49.68661000,58371.35946789
52.96404200,-34.50286000,58454.27504175
318.80607100,-46.67694300,58430.09377146
40.62637500,-65.85049800,58487.06416595
3.81253300,-31.45988800,58449.11007858
68.71082900,-55.80683200,58454.31837195
61.59612100,-21.31491600,58455.27349149
314.11524200,-46.67680400,58401.06707468
23.12449600,-42.58566500,58371.22189475
2.83842100,-39.57577700,58450.06726754
24.43959200,-7.11286100,58452.16880129
11.55421700,-1.02577800,58449.08258078
36.74837900,-40.59058200,58453.24014095
65.26212100,-47.69211000,58456.08460950
19.77349600,-14.21402700,58452.08536785
88.67799200,-59.82988700,58439.33070639
322.93290000,-60.87938700,58431.06156535
63.57387100,-18.27041600,58439.30856756
317.40499600,-64.93749800,58401.09639291
98.97454600,-56.78808200,58460.32988915
24.39792100,-37.51227700,58376.34833429
329.85490400,-45.66299900,58429.13273796
2.22853300,-54.79288700,58377.34305050
15.51829600,-43.63388800,58452.14702863
345.99932900,-1.02602800,58373.22043989
330.61257100,-63.92305400,58430.08791600
24.39287900,-5.08388900,58452.12084625
18.71374600,-52.76258200,58382.37954275
67.70132900,-31.45991600,58489.16331070
41.90045800,2.01747200,58453.08122595
53.12495800,-51.74813700,58382.37587434
49.99549600,-11.17177700,58429.25132512
55.23178300,-18.27330500,58429.30309930
96.26836700,-46.64186000,58458.30865540
41.90029600,2.01833300,58380.39166826
335.87615800,-54.79199800,58376.25478809
90.27492100,-42.61874900,58466.15664861
34.17107900,-54.79308200,58455.16160003
60.89312900,-64.93699800,58440.31439330
30.31279600,-23.30983300,58380.34538811
63.64650000,-33.48966600,58456.19484024
45.12445400,-65.46183100,58481.09671999
331.62260800,-0.01155600,58373.23458534
58.80412500,-44.64852600,58456.06095707
50.45587500,-25.37338800,58438.31672710
47.78458300,-49.71999900,58454.24125803
89.86995000,-58.85052600,58461.16863255
28.44208300,-16.24272200,58455.18996145
77.17129600,-42.61927700,58460.12017354
16.77245800,-26.38755500,58451.13571545
33.74445000,-45.66288800,58428.26248796
316.80240000,-62.90902600,58392.16958781
33.95437500,-66.05363700,58491.10718967
83.40079600,-39.57508200,58459.30848722
55.04050400,-48.70533200,58454.29472347
65.18892100,-19.28683300,58456.08805467
5.56670800,-51.74963700,58374.27505716
33.38112100,-17.25766600,58438.25479441
348.74749600,-62.90883100,58448.05901710
11.39229200,-27.40208300,58451.12190446
346.50540000,-50.73502600,58375.21130108
26.01799600,-54.75863700,58371.30161341
47.66295000,-47.69094300,58454.24264326
24.81365800,-45.66322100,58430.23321356
93.24054200,-52.76452600,58480.08768503
29.11745800,2.01747200,58450.03993510
316.31960800,-45.66258200,58419.06690744
40.02949600,-19.28649900,58438.28099872
49.44245800,-40.59049900,58428.33744408
75.01657500,-41.60399900,58377.39954027
13.31650400,-46.67669300,58451.05452992
29.07625400,-4.06941700,58453.08796111
56.76032900,-45.66197100,58454.28779368
0.17503300,-42.61930400,58450.06177217
30.31779200,-13.19919400,58454.13093235
49.95103300,-46.67736000,58428.25650167
41.89579600,4.04641700,58453.16502791
88.62515800,-39.54052700,58458.32718256
11.22853300,-37.54691600,58452.05984205
53.40229600,-15.22925000,58411.35443486
82.30862900,-23.34402700,58460.27329803
334.20952500,-47.69152600,58428.10058235
16.30295800,-55.80758200,58453.09091432
57.83725400,-66.05335900,58489.12292357
22.74309200,-2.04002800,58401.29340686
31.27375400,-22.32938800,58454.12659192
45.90037500,-66.57794200,58491.11634205
84.90499600,-34.50255500,58464.17075193
43.49878300,1.00300000,58453.07838712
359.07799600,-55.80794300,58429.15210868
63.94162500,-31.46077700,58456.19344363
96.72999200,-49.72024900,58480.09187942
25.85074600,-65.56299800,58487.05716149
97.48575000,-56.82158200,58480.08054202
59.79208300,-39.57652700,58456.22224133
68.58307500,-19.28730500,58456.26044923
41.89378300,-4.07036100,58429.24012618
54.92612900,-12.18491600,58410.30454897
24.37846700,-30.44552700,58452.20234458
85.39129600,-26.59047100,58491.16080577
9.04216700,-40.59052700,58452.11829120
25.39837500,-23.34405500,58379.38695917
45.16425000,-32.47388800,58431.26567247
28.95766700,-8.12725000,58452.11597155
19.56208300,-4.07044400,58429.20265721
74.74770000,-49.71922100,58458.22140195
332.85823300,-40.59058200,58429.05272099
23.16662900,-59.86541500,58453.10622111
33.09012100,-21.31502700,58454.12797367
314.82399200,-52.76377600,58431.04112151
306.78090000,-53.77797100,58419.03538595
16.35290800,4.04647200,58375.33552433
62.77115800,-26.38744400,58455.29583524
328.41657100,-51.74930400,58431.09782063
346.76740400,-52.76386000,58401.12908030
2.73250400,-52.76422100,58450.11534246
33.60445400,-13.19913800,58454.13503274
17.35945400,-38.56141600,58453.14168738
315.12103300,-54.79277600,58431.04249702
32.94037500,-58.85074800,58455.10001010
37.38391700,-34.50366600,58455.16998619
87.62679200,-24.35788800,58464.14914621
32.63449600,-46.66036000,58463.06260919
70.23642100,-20.30147200,58456.21015903
29.23487900,-55.77269300,58376.35876339
58.44812900,-16.24427700,58429.28356382
13.25995400,-38.56127700,58452.06120113
43.45204600,-15.22975000,58429.26678496
343.66327500,-45.66272100,58448.06225448
42.95012900,-45.66286000,58428.24687249
349.19307100,1.00350000,58428.01569429
324.74419600,-57.83569300,58376.24957292
321.39015000,-47.69091500,58376.23821477
1.96715800,-1.02588900,58375.31597681
10.67357900,-53.77863700,58374.33234131
11.26966700,-35.51786000,58452.05573914
30.69737900,-52.73038700,58374.33910171
69.10670800,-53.77774800,58454.31982344
355.44182900,-46.67661000,58431.19350379
320.50577900,-43.63338800,58431.07616143
82.15212100,-19.28602700,58461.11282644
48.48787500,-18.27197200,58409.31862300
95.08129600,-46.67691500,58480.07599677
338.61628300,-55.80741500,58448.05476162
29.02300400,-6.09827800,58453.06044332
341.54262100,-58.85069300,58448.05619920
339.12445400,-43.63366500,58377.21230838
91.86220400,-48.70599900,58480.09599898
90.95025000,-49.68586000,58440.33007411
32.91545800,-23.34363800,58380.35228560
64.23215800,-27.92613800,58490.15152370
73.50553300,-26.38636000,58458.27556495
77.37778300,-58.85038700,58459.25939212
56.31567100,-30.44527700,58455.27647767
0.29357900,-6.09825000,58449.06492094
345.99820400,1.00375000,58378.24470902
36.31300400,-57.83658200,58455.16435644
35.28787500,-12.18508300,58410.33285343
317.48653300,-45.62947100,58371.20238159
65.93840800,-30.44622100,58456.19930411
24.33215800,1.00291700,58450.03717345
20.80940800,-41.57116500,58371.21915896
36.40715800,-23.34369400,58377.38297667
31.92279200,-65.86741500,58487.09596911
329.05095000,-58.85083200,58430.09691580
59.86525400,-47.59005400,58463.07962490
306.39865400,-59.86547000,58390.00051857
89.46358300,-38.56074900,58466.17977441
38.83132500,-60.87980400,58455.18081579
29.13137900,-0.01152800,58452.12250048
10.67221700,-53.77755400,58376.26651879
45.85242100,-65.03897000,58480.12384938
81.01291700,-34.50233200,58458.09119112
3.93684200,-46.67694300,58451.03498225
65.63050400,-65.95208100,58483.19403120
66.41749600,-41.60399900,58458.05351458
70.29274600,-45.66338800,58456.21626353
54.51300000,-57.83647000,58453.27921307
7.94979200,-23.34388800,58451.06674016
78.18687100,-26.37083300,58491.18573508
17.82620800,-44.64838800,58452.14976329
5.15149600,-3.05461100,58431.11906269
41.65099600,-62.41835900,58370.30898788
9.95449600,-2.04050000,58449.08120391
27.52832900,1.00275000,58372.37308277
38.20057500,-22.32952700,58379.37924628
43.33692100,-27.40183300,58455.23210944
35.45357900,-6.09822200,58428.17723181
43.06937900,-41.60494300,58428.32090022
6.47390800,-62.90838700,58380.30234349
0.33579200,-4.06927800,58448.08606807
352.09570400,-52.76402600,58449.03961694
359.73544600,-44.64880400,58430.20918222
50.39595000,-50.73452600,58454.23844219
316.06265800,-43.63291500,58376.23274403
350.75149600,-46.67686000,58431.13734502
46.90879600,-25.37347100,58438.30850263
311.53032100,-41.60447100,58419.01601235
59.99592100,-65.93516500,58483.18698801
6.40195400,-45.66316500,58430.22725316
81.70828300,-44.64788800,58461.13833046
5.99071700,-64.93755400,58449.05415337
33.59667100,-56.82210900,58455.15610832
53.32337900,-13.20102700,58429.32824770
56.03332500,-66.93291500,58491.12426367
80.39191700,-57.83627600,58460.13491801
34.50199600,-63.92316500,58453.12701707
35.48533300,-4.06908300,58451.19792227
43.48812100,-7.11286100,58455.12515823
73.13390800,-36.53233200,58460.05474524
41.90154200,-0.01141700,58453.16780788
355.84252500,-55.80744300,58449.12584412
66.82232900,-20.30186100,58456.25907505
43.20712500,-35.51858200,58430.32828659
47.31433300,-62.87419300,58376.35685921
1.65175400,-56.82155400,58380.32225212
6.27358300,-65.03891500,58482.06068322
22.61582900,-31.45983200,58454.06412684
82.10604200,-48.70599900,58460.15665173
63.25595800,-62.90833100,58454.25307877
68.43349600,-42.61819300,58458.10148330
55.96490800,-41.60408200,58454.28367074
43.49329600,-5.08386100,58455.17504330
39.26308300,-35.51869300,58430.30698997
75.25437100,-29.42983200,58458.20359086
351.22215000,-59.86530400,58449.04680867
327.41882900,-62.90855400,58401.08194505
324.68686700,-54.79235900,58431.06720350
30.69495000,-52.72936000,58376.31538436
81.89608300,-46.67680400,58459.21834209
26.75379200,-27.36824900,58371.37959609
316.91970000,-41.57136000,58371.20096473
328.29607500,-60.87947000,58431.07013596
87.57987100,-39.57561000,58465.13608191
13.17612100,-20.30049900,58451.07776282
350.62207500,-57.83549800,58376.30866520
347.78895000,-58.85080400,58449.05931125
89.11561700,-36.53186000,58466.17563896
9.17020400,3.06586100,58370.32530355
86.98370800,-48.70511000,58463.16079122
13.44965800,-56.82166500,58451.04628241
39.89475000,-23.34380500,58454.17812056
84.54025400,-30.44491600,58462.12835348
28.60249600,-14.21422200,58455.17685133
304.16904200,-52.76383200,58401.10353478
45.47674600,-60.87949800,58455.21442875
93.29554600,-41.56922100,58458.31283182
1.76690800,2.50811100,58370.21796447
338.01169600,-0.01097200,58428.01127265
29.80762500,-38.52683200,58376.36991706
35.41070800,-8.12663900,58454.21068488
69.76783300,-49.71977600,58454.32255831
319.27899200,-59.86547000,58418.03796129
77.33941700,-56.82044300,58458.30391294
75.28207500,-27.40183300,58459.28411631
57.07954600,-66.47588700,58489.14817884
89.28470800,-23.34341600,58464.15494564
84.06757500,-60.87944300,58459.26216521
28.33017100,-61.89427600,58453.11869362
37.51078300,-51.74991500,58453.25409013
82.34008300,-50.73469300,58459.21000700
77.07670400,-24.35755500,58458.07860341
0.43370800,-46.64344300,58371.21171210
55.51629200,-22.33127700,58429.33813450
15.21362900,-35.51786000,58452.05007732
60.75212900,-34.50247100,58458.05983917
320.44557100,-1.02602800,58373.20337097
33.91392100,-65.56313700,58487.05559842
60.78257900,-43.63419300,58456.10253952
7.16995400,-37.54694300,58450.08099190
83.23845000,-56.82188700,58460.09389795
4.00054600,-29.43099900,58449.10731706
356.69090800,-57.83613700,58377.27540224
61.54012500,-34.50366600,58457.24788244
60.03574600,-30.44458200,58458.05037181
8.91253300,-42.61949900,58450.16871396
40.24245000,-9.14150000,58437.26952291
11.45953300,-21.31494400,58451.07223510
91.89370400,-44.61277600,58458.29786297
23.10215800,-48.70627600,58452.16223609
59.33032500,-46.67744300,58456.06234458
64.66558300,-25.37399900,58430.34279837
64.78666700,-49.71972100,58454.30715124
13.77482900,-65.32635900,58482.07960618
38.29162500,-20.30036100,58454.17122367
91.55716700,-33.45563800,58457.31073045
30.72107900,1.00275000,58372.37722323
39.40500000,-33.48888800,58452.24237664
15.71728300,-47.69130400,58451.06002399
303.35102900,-58.85149800,58390.07082197
29.42604200,-23.34399900,58454.12110843
346.76857500,-52.76422100,58449.03815887
320.15128300,-52.76408200,58374.22369394
17.23528300,-36.53252700,58453.13892603
27.83191700,-11.17022200,58454.09935960
45.52767100,-62.90888700,58455.13825436
50.16065800,-48.70586000,58455.26585241
60.83775000,-27.40230500,58438.33746741
64.46179600,-40.58955400,58440.33659825
40.21490800,-11.17041600,58410.31607211
82.60415800,-52.76347100,58454.25636233
78.93662900,-29.43111000,58490.18622934
36.27574600,-25.37313800,58452.22433235
39.72583300,-27.40061000,58439.27693146
90.71292100,-60.87960900,58461.16273058
78.98412100,-31.45888800,58458.08844740
33.89645800,-3.05458300,58451.19517388
81.93724600,-28.61952700,58491.13172746
348.87511700,-49.72055400,58449.03678691
344.18428300,-53.77830400,58448.06066676
317.24902500,-1.02638900,58390.01588415
21.13937900,-1.02552800,58401.28926967
55.03862900,-35.51858200,58430.28615127
342.80407500,-1.02527800,58378.25166261
79.86541700,-51.74874800,58440.29503687
18.19741700,-17.25769400,58409.28572935
21.40917100,-65.32655400,58481.08809108
338.17699600,-61.89358100,58376.27606807
61.76425400,-65.46185900,58481.09225078
86.11453300,-27.40199900,58461.09376219
71.20800000,-35.51847100,58457.32807101
59.12350400,-38.07111000,58493.15052677
0.92962500,-38.56102700,58431.12726907
40.17679600,-13.20016600,58411.33647010
337.98227900,-63.92291500,58428.06769965
19.54295800,2.01758300,58375.35196261
343.47727500,-41.60477700,58448.06370882
87.70950000,-33.45497100,58460.25358671
15.09424600,-31.45999900,58453.04755000
64.63024600,-65.85047000,58482.19035892
36.35404600,-63.88919300,58371.27179966
29.82342100,-65.46183100,58483.06086183
36.52825400,-21.31483300,58454.18962563
14.86996700,-19.28599900,58451.08049295
17.94387100,-1.02552800,58401.28105087
334.81707100,-0.01155600,58373.23873323
341.50490800,-56.82172100,58375.22832507
41.74437100,-18.27194400,58409.34357249
58.98267100,-35.51863800,58430.29671248
43.46545400,-13.19941600,58410.34048949
84.10078300,-45.66186000,58463.17460770
64.86082500,-23.34405500,58455.29857840
46.99225400,-29.43036000,58431.29515653
359.46312100,-45.17236000,58370.20811164
15.00337500,-27.40205500,58451.13023572
67.70278300,-31.46005500,58490.15431559
45.10232900,-10.15602700,58437.28189779
45.21107900,-40.59047100,58428.34023620
13.36157900,-50.73502600,58377.29821710
16.35724600,-4.06911100,58449.10208028
82.32095800,-23.34388800,58492.18905326
36.48970400,-42.61869300,58431.23579259
85.54462500,-19.28577700,58463.10304591
68.05937900,-65.93549800,58483.17824006
91.92815800,-35.48483200,58457.31209755
313.92670400,-44.64811000,58419.05996876
75.18954200,-33.48949900,58457.33357934
48.44620400,-57.83666500,58453.26665409
25.60532900,-25.37294400,58454.10858283
71.71125000,-54.79277600,58455.32248303
90.92641700,-35.51719300,58466.18393448
88.70132900,-45.66188800,58464.18360692
38.34724600,-45.66283200,58428.24132032
57.22637900,-47.69097100,58454.29748821
39.51862500,-31.45969300,58454.21961175
13.30549600,-44.64838800,58452.14427648
17.02150400,-32.47466600,58453.17700710
326.14652900,-50.73469300,58428.12599514
28.88758300,-23.34399900,58454.12385054
8.33957900,-5.08366700,58449.08405105
352.86973300,-45.66208200,58431.19213748
11.13182900,-41.60505400,58452.13877500
85.26607500,-45.62733200,58439.32587622
60.37645400,-32.47427700,58455.28882111
43.49745000,3.03191700,58453.16228273
71.34170800,-33.48938800,58457.33083962
10.77087100,0.02250000,58370.34054345
345.35315800,-63.92299800,58377.25027267
331.99186700,-46.67730400,58429.08881362
47.92017100,-51.74819300,58382.37168476
352.45095000,-43.63363800,58449.12282693
26.01487500,-6.09930500,58429.19039036
73.55967100,-24.35838800,58459.22472631
16.34821700,-2.04002800,58401.27694979
69.65857500,-30.44474900,58458.05659948
60.48054200,-47.69208200,58456.08316664
334.81749200,-0.01113900,58430.04497087
354.01507500,-40.59058200,58430.12483385
11.26340800,-35.51824900,58374.36273379
9.48962900,-30.44519400,58378.36634048
306.96652500,-49.72047100,58419.08101065
16.34709200,2.01761100,58375.34375104
351.14911700,-48.70619300,58430.09887183
73.03432500,-38.56177700,58457.32393241
23.48353300,-44.61474900,58371.22326003
333.21970400,1.00361100,58430.04220593
75.22350000,-31.45894300,58458.08571498
333.21774200,-1.02602800,58373.22764291
31.30950000,-62.90874800,58453.12425613
56.56712900,-65.85049800,58482.19329242
88.99767100,-41.56966500,58458.32855582
67.70212500,-31.46047100,58457.30331594
322.03857100,-0.01183300,58390.02416508
62.19154600,-57.83608200,58455.24150972
85.68000000,-32.44133200,58457.30661265
80.31332900,-33.69194300,58491.19233151
9.24545800,-36.53272100,58374.36551162
3.55937900,-2.04041700,58375.31185458
341.37148300,-46.67738700,58429.06740121
35.19862500,-61.89438700,58455.13522774
38.70162100,-2.04050000,58453.07152559
61.30054600,-33.69188800,58490.14454781
75.38712100,-27.01336000,58491.18435689
28.63108300,-50.73494300,58377.33252399
21.18025400,-51.74933200,58454.05383795
93.92554600,-50.73463700,58480.08905838
29.81087900,-27.36811000,58371.38372222
30.05803300,-61.86033100,58371.26763563
58.03741700,-29.43080500,58455.29156702
29.52579200,-21.28124900,58379.35383654
22.50928300,-38.52736000,58371.36537449
11.34121700,-31.46016600,58452.07909539
72.41791700,-31.42616600,58490.16728907
18.72874600,-29.43066600,58378.38703361
71.06032500,-37.54708200,58457.25492723
39.18695800,-58.85060900,58455.22572823
352.07382100,-41.60516500,58430.11792307
86.45791700,-57.83644300,58460.09805291
96.19500000,-51.74922100,58480.08330955
43.49875400,-1.02597200,58453.07563094
85.07025000,-51.74880400,58440.30948922
89.79079600,-34.47016600,58457.30936247
61.30265800,-59.86508200,58455.25260079
77.07120000,-22.32911000,58459.31609364
20.69191700,-62.90910900,58453.09788116
333.21757500,-1.02552800,58430.04082486
75.15212900,-35.51841600,58457.32666720
15.84025400,-49.72049900,58377.30236064
42.61737100,-53.77872100,58453.26095991
18.71596700,-52.76341500,58377.39670900
9.95599600,-0.01108300,58401.26179684
65.03442100,-21.31597200,58456.20464014
26.50291700,-16.24272200,58454.09653146
87.98479600,-35.48405400,58460.25709822
91.58979200,-51.71402600,58439.32283057
46.87382900,-23.34441600,58438.29745132
324.43948300,-61.89402600,58401.07919251
53.53037900,-53.77777600,58380.37089329
78.89295000,-27.40191600,58459.27845622
56.57304200,-32.47424900,58455.27784824
29.74575000,-47.65769300,58371.35393184
16.11440800,-65.14058100,58481.07618348
27.04312500,-53.77822100,58454.04280845
7.00645400,-39.57580400,58450.07823735
81.25007900,-38.56124900,58460.30149070
32.29329200,4.04655500,58451.17565250
46.73404600,-11.17130500,58411.34884178
346.06069600,-46.67627600,58376.28972242
41.61675000,-24.35816600,58377.38850321
16.70500400,-24.35838800,58451.09013327
328.23094600,-42.61874900,58431.09614445
337.08919600,-40.58963800,58376.21677888
64.06495400,-42.61983200,58456.10109968
23.48404600,-65.14058100,58481.07330218
11.18275400,-39.57616500,58452.12904633
16.36907900,-6.09825000,58428.18368972
65.14190800,-36.53322100,58430.31446431
33.69137900,-11.17058300,58437.25575506
61.08662900,-45.66322100,58456.21460874
62.21845400,-30.44474900,58431.31166793
353.33602500,-47.69174900,58374.25007830
35.12683300,-50.73463700,58454.23531830
92.52445400,-57.83616500,58461.17142781
49.71954200,-66.34077600,58489.13905101
25.22712100,-36.53208200,58455.04152365
14.92912500,-23.34388800,58451.08739059
10.28987900,-59.86541500,58450.13336007
348.23269600,-60.87983200,58449.05789111
9.71824600,-22.32947200,58451.06949840
75.06457500,-39.57497100,58459.32845057
53.25729200,-11.17044400,58410.30180515
30.61579600,-39.57608200,58453.21796781
312.08569600,-51.74916500,58431.03973491
319.64998300,-50.73472100,58430.09235385
51.09466700,-35.51855400,58430.27446296
51.26620400,-37.54766600,58430.32040967
330.28186700,-54.79269300,58431.09920901
41.65087500,-65.95188700,58488.13078181
326.82961700,1.00258300,58390.02969099
92.33870800,-37.51361000,58457.31622979
58.97912900,-22.32947200,58455.26938918
37.09712900,-3.05452800,58451.19929961
85.79803300,-23.34369400,58462.13265252
32.51725400,-40.58974900,58454.22968749
42.23491700,-59.86508200,58455.25071535
345.87485800,-44.64811000,58377.22755347
348.00820400,-43.63330400,58431.13595768
82.15362100,-32.67744300,58491.13353354
47.55312100,-45.66283200,58428.25235449
48.93587900,-61.89466500,58453.27218687
41.50017100,-28.41683200,58455.17155668
89.79107900,-34.46952700,58460.30912168
56.84653300,-17.25597200,58439.31169539
349.23619600,-51.74966500,58374.28556771
19.32107900,-37.54702700,58453.14441992
38.66941700,-6.09938900,58429.18724850
77.09937100,-30.44619400,58457.29540935
356.68599200,-50.73519300,58374.34715450
39.81508300,-25.37302700,58454.17950031
45.17353300,-34.50419300,58430.33113321
348.55432500,-47.69172100,58374.24458482
36.89107500,-13.19916600,58454.13777972
45.14645800,-28.41624900,58454.18508086
38.20029200,-65.03897000,58480.12869609
79.09591700,-35.51869300,58457.33770847
24.09687100,-57.80272000,58371.23185067
49.18037900,-36.53302700,58430.27169867
24.13820800,-28.41636000,58454.06687189
13.17871700,-18.27197200,58452.07537029
72.34962100,-48.70536000,58454.33090580
45.13212100,-24.35894400,58438.30436494
65.26242100,-47.69216500,58457.30150049
70.04187100,-24.35769400,58458.06320113
15.60834200,-45.66238800,58451.05727019
3.56784200,-0.01105600,58431.11767064
28.15200000,-24.32461000,58379.38559428
67.62320800,-65.91830400,58481.19433886
17.12315800,-34.50330500,58453.03742444
309.49640800,-52.76369300,58430.05207397
8.76287900,-65.14035900,58482.06834945
22.33887100,-44.64841500,58453.20682945
30.71604200,-1.02555600,58401.31406945
54.78920800,-33.48819300,58454.27640564
6.74395400,-4.06941700,58448.08182222
49.11895400,-66.47588700,58489.15111036
74.66100000,-51.75038700,58456.23482346
34.47316700,-41.60419300,58431.23441195
48.07441700,-53.77872100,58453.26241530
323.15285800,-53.77794300,58431.06859133
87.46029200,-31.42630500,58455.30594645
45.10504600,-12.18580500,58411.34471348
6.75991700,2.01755500,58448.07629559
92.79320800,-39.54136000,58459.31013478
40.13462900,-15.22863800,58438.27410509
88.27195400,-30.44563800,58465.17275344
60.38554600,-19.28786100,58429.28908674
20.11532900,-22.32974900,58452.18023326
36.95200400,-11.17052700,58437.26122556
353.98453300,-0.01077800,58378.26831073
86.50516700,-31.45944300,58463.14907991
338.34523300,-59.86516500,58375.25302831
19.72021700,-41.60502700,58453.19024209
36.11537900,-27.40183300,58454.18677905
20.17720400,-60.87991500,58453.09650834
29.35003300,-52.76402600,58455.11278958
64.25191700,-51.74883200,58454.30578880
92.31082500,-53.74399800,58431.33483754
6.76209200,-0.01141700,58375.32285592
90.93267100,-53.77797100,58459.24624269
11.07571700,-43.63388800,58452.14152377
345.44057900,-43.14336000,58370.20362207
85.94812500,-25.37299900,58460.28295314
49.85454200,-65.56308100,58482.18576842
77.09132900,-28.41647100,58460.15997883
2.73407900,-52.76399800,58377.31273522
62.22799600,-64.93699800,58440.31716013
21.54965800,-17.25774900,58409.28013061
69.41695400,-65.46191500,58481.09072486
88.49592100,-54.79263700,58459.23445878
325.23249200,-0.01186100,58390.03380818
1.54487900,-34.50372100,58450.14662775
10.77070400,-51.74933200,58451.04343532
27.03792100,-35.51777700,58455.04427525
93.03054200,-45.66252600,58480.07462818
32.72845400,-25.37319400,58452.22573557
19.96066700,-43.63391500,58452.15252098
90.71278300,-60.87960900,58460.19024439
29.06165800,-65.32658100,58481.08518788
52.59595400,-30.44477700,58431.30342142
29.79515800,-34.46897100,58376.37409059
346.27015400,-48.70522100,58376.28696828
89.19665800,-41.80733200,58492.17230756
309.42478300,-46.67697100,58419.05017228
60.52115800,-54.79333200,58456.07864598
8.45920400,-48.70594300,58379.28282785
27.59495800,-5.08483300,58429.19314157
71.57207900,-29.42977700,58458.21150739
2.55766700,-63.92322000,58449.05137192
79.95025400,-25.35622100,58490.19214827
41.91612100,-66.05322000,58489.12877350
21.17612900,-5.08380500,58428.19055894
93.24815800,-59.86513700,58460.24868343
349.23544600,-51.74966500,58392.17608643
25.95987100,-40.59063800,58453.21514291
90.27774200,-31.46013800,58465.17962081
42.88129600,-47.69116500,58454.24541695
1.74208300,4.53736100,58370.25609846
8.35195400,-3.05488900,58448.08043935
311.71732500,-45.66233200,58401.06293652
59.95242100,-66.86480400,58489.15676577
323.64090000,-1.02602800,58373.20756627
93.63520400,-47.65622100,58458.29646695
64.20812900,-29.43166600,58456.19205379
303.93049600,-54.79358200,58390.09007828
62.50865800,-28.41508200,58439.27892484
83.61103300,-41.60461000,58460.30430369
75.36703300,-19.28508300,58458.27082712
301.67536700,-51.74922100,58401.09318395
28.43071700,-32.47461000,58455.07826521
73.03415800,-38.56105400,58461.05044741
27.70291700,-20.26722200,58375.37478435
29.59500000,-34.50363800,58453.22909797
80.88117100,-61.89374800,58459.29784187
65.14279600,-66.47597000,58489.14523851
93.87874600,-54.75844300,58431.31805349
25.97945800,-45.62872100,58371.34846612
62.96862100,-55.80694300,58454.31555530
37.60295800,-66.57788700,58491.11796730
56.85770800,-34.50313800,58455.28330781
31.62907500,-18.27208300,58438.25754049
65.43470800,-34.50402700,58456.19641076
37.48954600,-30.96986000,58463.05731043
43.63741700,-65.91810900,58487.10218375
354.87811700,-60.87963700,58449.07532811
28.73983300,-12.18491600,58455.05539450
20.35059200,-26.38758300,58451.14396574
48.67345400,-59.86558200,58453.27080795
15.43017100,-41.60502700,58452.13734917
58.33040800,-51.74877600,58440.30464579
5.56584200,-51.74958200,58450.11257068
354.44049200,-51.74897100,58431.13887101
332.59894600,-42.61961000,58429.05410199
23.49379600,-55.77344300,58371.25371773
47.73637500,-66.93288700,58491.12589224
36.20170400,-44.64836000,58428.31796295
21.13790800,1.00311100,58375.35608541
36.76415800,-55.80760900,58455.15886666
3.58003300,-48.70608200,58428.22101439
47.84395400,-65.86738700,58487.07653566
14.89837500,-21.31508300,58379.37322469
23.67862500,-39.57605400,58453.19988240
20.50662100,-47.69186000,58452.16086225
43.42195400,-19.28616600,58437.29040213
77.12987900,-36.53233200,58461.11466286
49.06828300,-34.50416600,58430.33674231
40.21545000,-50.73522100,58453.25133556
23.54132900,-50.73491500,58377.31738092
35.35500000,-10.15563900,58454.20514337
322.49428300,-51.74941500,58401.12436536
49.76350400,-44.64833200,58428.30191358
332.42349200,-57.83677600,58430.12964929
60.59570800,-21.31480500,58455.27075886
39.85720400,-64.90355400,58379.38314779
42.80312900,-49.72072100,58453.24995366
51.59803300,-65.91810900,58487.08827970
27.91434200,-22.29558300,58380.33196008
78.32062500,-34.48674900,58490.18304572
336.41507900,1.00266700,58372.24767928
82.85245400,-44.61280400,58439.32449866
35.55733300,-33.48888800,58452.23958365
48.40999600,-14.21547200,58429.31029517
43.27929200,-31.45927700,58431.28531990
350.39432900,-44.64794300,58431.13458013
23.34590800,-29.39705500,58371.37263904
1.92154600,-5.08386100,58448.08742689
40.30249600,-1.02552800,58401.33874871
13.24741700,-36.53236000,58452.05284632
36.73295800,-17.25730500,58455.05704284
15.27084200,-37.54686000,58453.13608569
23.37154600,-37.54716600,58453.19715278
333.93090000,-49.72036000,58401.11256832
45.33162100,-52.76424800,58453.25820522
55.11195000,-59.86547000,58453.27784153
334.94182500,-60.87952600,58375.24658499
25.59358300,-32.44074900,58371.39206631
325.25149600,-45.66297100,58430.11441992
6.62533300,-43.63386000,58450.16321036
2.52729200,-41.60477700,58450.07002397
45.19745800,-38.56147100,58428.34161041
40.57129600,-46.67736000,58428.24409129
26.16304600,-10.15613900,58452.09505722
11.54870800,-5.08386100,58449.09110303
89.86125000,-40.59013800,58465.14298048
27.97429600,-48.70594300,58377.32978223
69.32882900,-34.50363800,58459.05607012
358.23002900,-41.60427700,58431.18925099
41.36032500,-32.47483200,58455.15135296
306.23161700,-61.89497000,58390.06375030
348.26623300,-45.66283200,58449.03534888
357.17836700,-0.01080600,58378.28085922
90.74870800,-44.64799900,58480.07189013
40.30412900,1.00300000,58453.08399051
16.50121700,-57.83655400,58453.09368350
323.63640000,1.00263900,58390.02830260
58.60329200,-18.27324900,58429.28770777
29.58834200,-62.87505400,58371.26901492
41.88325400,-6.09836100,58453.17354398
48.79291700,-28.41577700,58454.26776650
85.91407500,-32.67744300,58491.16453243
14.74924600,-1.02525000,58378.32901507
357.41419600,-59.86494300,58377.25733122
45.10704200,-12.18500000,58410.32700615
21.84987100,-60.84622000,58371.24049745
84.71004200,-49.72049900,58460.17860915
25.28191700,-47.69158200,58377.32699074
63.50904200,-19.91219400,58493.16593394
78.85395000,-25.37291600,58459.28696954
83.21175000,-37.54699900,58460.30011886
71.94920800,-52.76372100,58455.21935587
17.49703300,-40.59058200,58453.19163026
331.90662100,-59.86499800,58431.08342869
69.92716700,-26.38624900,58439.29413009
42.37975400,-57.83610900,58455.22846978
30.58307900,-34.46880500,58376.37133391
50.65790800,-52.76333200,58380.37366040
327.13287100,-55.80694300,58431.08486015
344.03065400,-51.74969300,58392.16602383
87.24420000,-42.82158200,58492.16790660
78.78770800,-21.31455500,58459.31745762
60.57567100,-50.73444300,58454.30857389
19.54562900,-2.04000000,58401.28516468
95.66570800,-57.80227600,58462.17441719
21.38559200,-13.19958300,58452.08811008
40.00462500,-52.76424800,58453.25545885
62.56112900,-39.57499900,58440.33798230
349.63978300,-53.77827600,58401.13319980
30.86837900,-64.90399800,58370.38352459
324.08337100,-48.70558200,58431.08907872
21.91603300,-23.34436000,58452.18436232
60.83187100,-23.34433300,58456.07350681
50.95675400,-54.79241500,58454.24700519
24.77432900,-15.22847200,58437.22259580
343.56694600,-43.63363800,58377.22342999
33.31837500,-47.69124900,58454.23393924
13.53192100,-60.87991500,58450.13059755
14.74837500,-1.02552800,58401.27284608
73.37908300,-30.44433200,58458.20998535
73.65062900,-20.30063800,58459.10201705
68.69282900,-40.59080400,58457.32104735
51.66632900,-41.60416500,58454.28224038
26.65816700,-18.27208300,58409.30843335
14.84521700,-17.25766600,58409.28849866
61.11850400,-25.37313800,58437.33723308
74.01237100,-61.89388700,58455.31819465
307.23549200,-41.60466500,58377.20463390
47.04004600,-31.45938800,58431.26842915
28.09153300,-15.22811100,58454.14350336
30.03567100,-50.73505400,58455.09565488
3.50892100,-6.09833300,58448.08881226
18.42065800,-23.34372200,58377.37528669
89.86882500,-45.62747100,58458.29018938
48.37865800,-12.18630500,58429.24995948
26.08666700,-21.28180500,58371.24842937
15.97542100,-51.74986000,58453.17889141
317.29048300,-51.74913700,58431.05558515
26.10028300,-29.43102700,58452.20508103
309.44940000,-48.70613700,58418.01821943
22.76587500,-4.07030500,58429.20684610
9.42300000,-32.47449900,58452.03880072
75.18916700,-33.48905500,58459.07927380
89.69067100,-49.71969300,58463.17885017
24.34532900,3.03175000,58372.35937666
32.23842100,-6.09825000,58428.17308977
345.55252500,-40.58999900,58431.13036782
25.90204600,-34.46997100,58374.36734142
52.16716700,-24.35852700,58437.32070513
41.70607500,-20.30099900,58438.28509647
26.28454600,-23.31038800,58375.39140120
30.24675000,-57.83633200,58455.18250929
0.89566700,-49.72033200,58375.26946957
43.43782500,-17.25758300,58409.33943960
67.74124600,-59.86516500,58455.31266164
331.23677900,-50.73477600,58428.12877115
60.26132900,-41.60541500,58456.09276441
5.03634200,-38.56136000,58450.08514743
87.05704600,-59.86522000,58461.16411949
20.65849600,-30.44561000,58452.19822840
29.35741700,-59.86530400,58455.11919842
69.50207900,-32.47338800,58458.08158777
59.72895000,-28.41677700,58438.33046943
33.82992100,-7.11280500,58452.11035584
356.02732500,-48.70619300,58450.04721274
10.85784200,-49.72069300,58428.23072260
24.35383300,-3.05586100,58429.21094740
74.45132900,-55.80710900,58459.23751248
75.30679600,-25.37180500,58458.27829552
13.18734200,-24.35838800,58451.09296483
77.20624600,-46.67669300,58459.25205167
30.70579600,3.03186100,58450.04268774
44.35715800,-66.15474800,58489.13759024
72.41650400,-31.42599900,58489.17334478
353.30232100,-56.82174800,58449.04818881
64.44867100,-27.40058300,58439.28167492
57.34254200,-23.34411000,58437.32894979
51.85945400,-18.27197200,58409.32684244
345.70444600,-42.61936000,58449.03395309
34.12750400,-43.63399900,58453.24303464
16.54303300,-18.27211100,58409.28299771
61.91770400,-40.79255400,58492.14448060
78.98487100,-31.46030500,58490.18897231
33.19725000,-36.53174900,58376.37982893
87.99649600,-35.48347100,58492.17079768
86.98441700,-48.70583200,58460.25176777
41.56112900,-26.38736000,58454.18087211
316.28790000,-60.87966500,58375.22197588
31.70132900,-33.48916600,58453.23048244
51.29400000,-56.82130400,58454.24845570
317.69623300,-53.77830400,58431.05422215
13.15396700,-6.09833300,58449.09933801
311.82957100,-47.69174900,58418.02096697
21.65470400,-19.28638800,58375.37908399
13.41612100,-54.79269300,58451.04901615
358.09069600,-50.73530400,58450.05301488
19.01074600,-54.79308200,58453.18312500
351.59499200,-50.73486000,58375.27540263
0.36834200,2.01819400,58378.28775052
30.97900400,-59.83130400,58371.27325887
7.87017100,-25.37311000,58451.11368511
69.71257500,-26.91183300,58490.16025906
338.61628300,-55.80652600,58376.25758547
90.13017100,-36.49922100,58457.31347898
9.66987100,-24.35836000,58451.09845278
3.54867100,4.04597200,58430.13829478
67.47112500,-48.70538700,58454.32540066
6.03759200,-26.38736000,58451.06243423
18.45000000,-50.73477600,58455.05246573
341.69777900,-64.93699800,58376.27177235
26.69020400,-33.48899900,58455.07552092
357.19607900,-45.66266500,58450.05153471
80.73682500,-28.41630500,58459.28120894
68.21250000,-25.37172100,58439.29003240
61.89604600,-32.47427700,58455.29433729
7.82154200,-54.79308200,58450.11679455
352.66074200,-54.79285900,58449.04102931
55.68462100,-24.35855500,58437.32621074
68.14612500,-44.64711000,58458.10714874
66.72879200,-39.57572100,58460.04773705
45.11037100,-14.21405500,58410.34186449
60.57912100,-57.83619300,58455.24013816
25.31554600,-30.41177700,58371.38783185
53.17637900,-36.53308200,58430.27582657
26.38629200,-42.61958200,58453.20964333
13.38662900,-52.76361000,58451.05037517
43.01312900,-43.63386000,58428.31244251
28.76629600,-38.56155400,58453.22623637
24.32821700,-48.67211000,58371.34014346
71.97450000,-19.28622200,58463.07451193
30.17416700,-41.60499900,58455.08581955
43.48179200,-9.14150000,58437.27777198
94.19641700,-45.62749900,58458.29923295
16.99070800,-61.89441500,58450.13897430
60.27508300,-61.89458100,58456.06830808
52.77682500,-65.46185900,58481.09518526
43.47532500,-11.17041600,58410.30890913
338.82574600,-51.74936000,58375.28265156
18.51362900,-25.37272100,58377.39324664
14.75062500,3.03197200,58375.33963264
62.59287100,-48.70547100,58454.30164054
24.66433300,-13.19944400,58437.23507293
53.49450000,-17.25758300,58409.33097297
48.96775400,-32.47394300,58431.26981176
30.31490800,-23.30988800,58377.38011167
22.23274600,-27.40213800,58452.18861428
319.20394600,-48.70533200,58376.24524337
52.03012500,-65.93502600,58487.11278210
54.64195400,-46.67649900,58454.28919466
48.71700000,-26.38791600,58438.31261304
23.14262900,-27.36824900,58371.37681319
3.53987900,-4.06927800,58448.08329106
31.68082500,-44.64841500,58428.27408392
86.73133300,-33.48822100,58466.16838032
41.27967100,-34.50277700,58431.25027497
356.68420400,-50.73541500,58450.05001627
22.56754600,-57.83652600,58453.10898324
30.27253300,-30.44566600,58455.08382964
10.56137900,-55.80713700,58451.04062856
318.91120400,-40.55677700,58371.19957173
28.83837100,-43.63388800,58428.28642969
328.42685800,-0.01130600,58419.08533286
20.82150000,-49.72041500,58377.32152127
6.15412500,-47.69174900,58428.22514441
27.66770800,-33.45538800,58372.39091492
3.25562900,-61.89394300,58377.26289101
77.13778300,-26.77677700,58490.17878034
7.55067100,-56.82205400,58450.11952975
43.82674600,-66.88222000,58491.12085193
344.40077900,-0.01072200,58378.24058462
85.19707500,-58.81541500,58439.32931271
79.16100000,-37.54697100,58460.05758292
71.91075000,-21.31422200,58458.06740747
96.84215800,-58.85055400,58465.16050624
53.71966700,-21.31680500,58429.33400299
321.35765800,-56.82174800,58375.23293879
26.82267100,-60.87983200,58453.11730887
5.21578300,-53.77844300,58450.11119978
24.39537100,-43.63394300,58453.20407036
13.22641700,-32.47477700,58452.12747160
9.33571700,-34.50369300,58374.38599907
38.09908300,-24.35819400,58377.37854654
27.55408300,-3.05588900,58429.21921043
84.24028300,-26.38747100,58460.28016650
31.01454200,-37.54719300,58453.22071078
19.34833300,-56.82230400,58453.18038630
312.23949200,-53.77805400,58431.03835175
13.15216700,-2.04022200,58449.08972509
57.17191700,-36.53316600,58430.29028037
341.63960800,-62.90863700,58377.24610444
30.91704200,-32.44088800,58372.38511459
323.89699600,-55.80705400,58431.06582915
13.15112900,4.04683300,58401.24806742
61.79662500,-19.28499900,58439.31597150
52.05250400,-22.32963800,58437.30967984
47.09220000,-33.48866600,58455.25467325
90.27229600,-51.74888700,58464.17796957
35.50982900,2.01769400,58451.17704521
18.01396700,-46.67736000,58452.15812045
9.92716700,-63.92335900,58450.10684938
7.78129600,-27.40208300,58451.12466828
355.85653300,-62.90863700,58449.07388209
74.89545000,-45.66327600,58456.21907073
74.24041700,-40.57283200,58492.15451982
57.55040800,-25.37336000,58438.32635664
37.19308300,-36.53266600,58453.23461443
5.76920800,-30.44499900,58431.18476847
22.04524600,-55.80716500,58454.05108000
312.61085800,-57.83622000,58401.09927163
63.21862500,-22.32958300,58455.27487291
74.82557900,-47.69144300,58459.19760764
40.26600000,-7.11286100,58455.12370838
331.30936700,-61.89385900,58431.07151017
35.88175400,-46.67736000,58428.25973967
77.33950400,-56.82152600,58459.26367673
38.56120400,-12.18494400,58410.31322027
321.91085800,-49.71983200,58376.24798966
6.76003300,2.01819400,58378.30428968
32.30645800,-2.04005500,58401.31818396
25.04746700,-19.28605500,58454.09375696
77.11816700,-34.50355500,58459.08204316
73.13400000,-36.53274900,58457.32529751
356.38599200,-61.89424800,58449.07670955
49.61128300,-65.95188700,58488.12644750
41.75866700,-66.34072000,58489.14062255
96.08712100,-60.87958200,58465.15638045
31.77628300,-16.24266600,58454.14731858
73.81737100,-63.92308100,58455.31682982
15.15520400,-33.48888800,58452.04843035
4.80262500,-40.59030400,58450.07549278
35.31942100,-35.51822100,58453.23323606
17.94320800,1.00308300,58375.34786239
45.36100400,-54.79333200,58453.25957022
91.38249200,-42.58399900,58458.31422679
9.25167100,-36.53236000,58452.05847575
80.87278300,-30.83430500,58491.19575287
314.32423300,-48.70594300,58419.07382680
16.72846700,-59.86541500,58450.13621877
88.21786700,-48.67163700,58440.32216628
13.28875400,-42.61952700,58452.13459971
77.14157900,-38.56108200,58461.05331847
16.50112500,-16.24319400,58409.29121696
79.49807900,-45.66241500,58459.22108237
73.44579200,-28.41638800,58460.08491843
55.11437900,-16.24436100,58429.27662859
3.18037500,-50.73422100,58376.34235345
24.60271700,-65.85049800,58487.07001764
85.96970800,-49.68591500,58431.33760662
48.24812900,-55.80785900,58453.26380094
91.67615800,-55.80724800,58480.07769274
87.90695800,-41.60424900,58466.17414496
27.25750400,-24.35844400,58454.11133969
26.61766700,-38.52772100,58374.35109241
32.84012900,-49.72061000,58455.09427845
359.76107900,-53.77860900,58377.34160400
306.03612100,-63.92383100,58390.05544734
63.11212500,-23.96988800,58493.16302665
324.39507100,-40.59069300,58430.10615196
84.38904200,-47.69138700,58460.22552196
91.55758300,-33.45511000,58460.31194587
24.62762900,-32.47458200,58455.06984565
57.19225400,-56.82174800,58455.27991870
77.47340800,-62.90944300,58456.22720080
25.97004200,-4.07036100,58429.21507382
45.28275000,-48.70547100,58454.24403288
58.76791700,-60.88008200,58453.28342234
325.79540800,-43.63399900,58430.11303341
28.09875000,-30.44555500,58452.20784152
3.60424600,-33.48924900,58450.14938817
312.61186700,-57.83635900,58375.21776946
75.34900400,-21.31419400,58458.07035963
344.78360800,-59.86519300,58448.05759154
330.02398300,1.00316700,58419.08672146
53.85295400,-23.34405500,58437.32346645
65.38483300,-44.85044300,58492.14745806
66.34933300,-26.38769400,58455.30134755
40.72225400,-44.64833200,58428.31522028
38.77029200,-41.60530400,58430.24177628
60.42932900,-65.46185900,58481.09364187
38.70457500,2.01755500,58453.17056840
32.18765800,-8.12722200,58452.10758985
51.65299600,-12.18502700,58410.30594510
5.61267100,-32.47438800,58449.11558659
28.03970800,-35.48444300,58374.35948793
38.09932500,-47.69188700,58453.24721031
5.15704600,3.03133300,58430.13545966
33.50067100,-15.22872200,58438.26169933
330.78815800,-52.76399800,58429.13578658
54.56137500,-31.45930500,58431.28082280
13.20145400,-26.38783300,58452.08072628
35.76504200,-31.45994300,58452.23681972
60.50892100,-32.57580500,58493.15431834
48.58937900,-22.32961000,58437.31385833
359.06977500,-37.54655400,58431.12589124
59.28965800,-48.60455400,58463.08238156
28.91742100,-2.56416700,58370.28741688
65.68879600,-45.66277600,58456.07011290
58.31254600,-14.21386100,58455.20244232
315.83007100,-41.60402700,58376.22581105
60.38662500,-16.24308300,58456.05482263
54.17145000,-27.40141600,58454.27191103
19.58409200,-6.09833300,58428.18781851
23.88295400,-46.64322100,58371.34571206
27.02784200,-29.39719400,58371.38646742
311.94736700,-49.72044300,58419.05434709
320.15053300,-52.76383200,58430.09097721
61.37053300,-23.34444400,58456.07486962
59.45142100,-26.38761000,58437.33446748
336.96745400,-42.61941500,58429.07009570
98.40417100,-58.81669300,58462.18011390
79.31229200,-41.60427700,58461.13141894
0.99737900,-58.85044300,58377.26707403
30.69625400,-3.05461100,58451.18968051
5.24833300,-36.53272100,58450.15350368
67.82641700,-46.67738700,58456.07150493
39.62779600,-29.43052700,58454.21824159
43.30995000,-29.43036000,58431.29093670
85.73937100,-60.84452600,58439.31980404
28.28487100,-40.59052700,58455.14963179
41.87937100,-65.56327600,58483.06817376
66.07137100,-43.63386000,58412.35537739
27.53029600,-1.02552800,58401.30581822
21.41850000,-28.38302700,58371.24272066
37.10704600,-1.02558300,58401.33053719
50.36350400,-23.34405500,58437.31660293
3.56409200,2.01819400,58378.29602304
28.90066700,-27.40216600,58452.21610506
57.15778300,-21.31680500,58429.34087458
13.27375400,-40.59055400,58452.13186424
1.15190800,-62.87519300,58371.20988106
320.71577900,-54.79272100,58430.08959514
11.41720400,-25.37286000,58451.10121374
69.88062100,-64.93755400,58455.31542162
30.39645000,-65.32658100,58481.08244950
29.21308300,-65.03919200,58481.06120871
79.60704200,-47.69133200,58459.21559122
341.39220000,-48.70627600,58372.21951487
21.58595800,-53.77816500,58454.04003205
66.94562900,-18.27080500,58458.04863864
41.19000000,-36.53180400,58431.24612154
11.55403300,1.00369400,58378.31661843
18.99482900,-33.48877700,58453.03445132
57.56207900,-65.95194200,58487.12473517
18.73624600,-29.43102700,58452.19686404
68.92682900,-38.55958200,58458.31897652
59.20207500,-24.35861000,58437.33170524
32.18562100,-60.87985900,58455.13247452
76.37737500,-33.47230500,58490.17446853
24.33482900,-1.02552800,58401.29755536
1.96996700,1.00372200,58378.29185744
29.68558300,-43.63397100,58428.28369632
85.93532900,-55.80735900,58460.14069500
20.42292100,-54.75927600,58371.22908053
35.79579200,-59.86524800,58455.10276483
86.13454600,-36.49699900,58458.28848132
50.14216700,-17.25758300,58409.32273009
350.07312100,-42.61888800,58431.13320025
61.62962900,-43.63424900,58456.09836727
7.57321700,-31.45988800,58449.11832270
79.09562900,-35.51763800,58461.05882090
45.13945400,-26.38741600,58454.18360727
322.03969600,-0.01155600,58373.19496446
347.77615400,-41.60444300,58431.13174816
70.14508300,-22.33055500,58456.20876632
14.75240800,-3.05466700,58449.09796026
37.98307500,-26.38724900,58454.21679491
46.81487900,-19.28611100,58437.29589368
94.13649200,-57.83624800,58480.10191550
38.60367100,-10.15597200,58437.26540734
71.75950400,-25.37211000,58458.06461117
25.90066700,-34.46897100,58376.37550482
46.78995000,-17.25758300,58409.33390935
326.82586700,-1.02636100,58390.03791691
84.03429200,-34.41888800,58491.15094497
41.80912500,-14.21397200,58410.33911370
19.54816700,-63.90630400,58463.07177604
63.40645400,-20.30113800,58456.05626245
0.25954600,-64.90397000,58481.05763345
80.53483300,-22.32991600,58460.21093937
45.12082500,-20.30063800,58437.29452305
50.67412500,-29.43027700,58431.30066291
30.53257500,-9.14172200,58452.10486045
38.37253300,-18.27208300,58438.27686235
34.73695400,-22.32961000,58454.19099638
18.27009200,-19.28638800,58452.17192477
43.11962900,-39.57636000,58430.25818156
312.41332500,-55.80708200,58431.03696794
301.32511700,-53.77830400,58401.08685403
20.22257900,-24.35858300,58451.14120528
355.09828300,-53.77819300,58431.14023913
55.31674600,-37.54663800,58455.23685666
309.40920000,-44.64799900,58377.21015575
0.36112500,-51.74961000,58450.09981503
21.17974600,-51.74880400,58380.37848583
38.41875000,-62.90880400,58455.13976102
331.62249200,-0.01113900,58430.04359017
87.43012500,-50.73499800,58460.17998619
79.23287900,-39.57430400,58458.32549328
92.42529200,-47.69144300,58480.09462706
29.95183300,-32.47402700,58454.22669858
66.62395400,-52.76355400,58454.31142303
48.05892100,-65.14038700,58480.13648290
50.56033300,-27.40141600,58454.26914004
31.90408300,-14.21366600,58454.13366553
16.59845800,-20.30094400,58452.16568925
24.82654600,-50.70108200,58371.33599976
18.21567100,-48.70611000,58453.18461293
81.12616700,-36.53222100,58460.29739188
32.66587500,-65.85049800,58487.06706698
349.78402500,-40.58997100,58431.12895492
11.30712100,-33.48894300,58452.04430130
320.12865000,-41.60463800,58431.03230727
13.18137100,-22.32952700,58451.08464563
78.81907500,-23.34397200,58459.29265364
32.10532500,-10.15558300,58454.14568957
7.24171700,-58.85094300,58450.12502602
59.85607500,-20.50347200,58493.15866019
49.99650000,-11.17041600,58410.32362422
55.80450000,-61.89466500,58453.27497185
91.44320800,-58.81688700,58455.30804346
13.64350400,-64.93749800,58451.15077841
79.72887100,-49.72024900,58459.20585606
66.72841700,-39.57597100,58459.09334896
